"INTERNET_FREEDOM_ID","COUNTRY_CD","YEAR_NO","COUNTRY_NM","INTERNET_USER_RATE","POLITY_SCORE","REGIME_STATUS","FREEDOM_IND","FREEDOM_STATUS","CORRUPTION_INDEX"
"3","AFG","2014","Afghanistan","7.00000000000000000000","-1","Closed Anocracy","-1","Not Free","12"
"4","AFG","2015","Afghanistan","8.26000000000000000000","-1","Closed Anocracy","-1","Not Free","11"
"5","AFG","2016","Afghanistan","10.59572642000000000000","-1","Closed Anocracy","-1","Not Free","15"
"6","AFG","2017","Afghanistan","11.44768809000000000000","-1","Closed Anocracy","0","Partly Free","15"
"7","AGO","2012","Angola","6.50000000000000000000","-2","Closed Anocracy","-1","Not Free","22"
"8","AGO","2013","Angola","8.90000000000000000000","-2","Closed Anocracy","-1","Not Free","23"
"9","AGO","2014","Angola","10.20000000000000000000","-2","Closed Anocracy","-1","Not Free","19"
"10","AGO","2015","Angola","12.40000000000000000000","-2","Closed Anocracy","-1","Not Free","15"
"11","AGO","2016","Angola","13.00000000000000000000","-2","Closed Anocracy","-1","Not Free","18"
"12","AGO","2017","Angola","14.33907936000000000000","-2","Closed Anocracy","-1","Not Free","19"
"13","ALB","2012","Albania","54.65595904000000000000","9","Democracy","0","Partly Free","33"
"14","ALB","2013","Albania","57.20000000000000000000","9","Democracy","0","Partly Free","31"
"15","ALB","2014","Albania","60.10000000000000000000","9","Democracy","0","Partly Free","33"
"16","ALB","2015","Albania","63.25293270000000000000","9","Democracy","0","Partly Free","36"
"17","ALB","2016","Albania","66.36344470000000000000","9","Democracy","0","Partly Free","39"
"18","ALB","2017","Albania","71.84704050000000000000","9","Democracy","0","Partly Free","38"
"19","ARE","2012","United Arab Emirates","84.99999150000000000000","-8","Autocracy","-1","Not Free","68"
"20","ARE","2013","United Arab Emirates","88.00000000000000000000","-8","Autocracy","-1","Not Free","69"
"21","ARE","2014","United Arab Emirates","90.40000000000000000000","-8","Autocracy","-1","Not Free","70"
"22","ARE","2015","United Arab Emirates","90.50000000000000000000","-8","Autocracy","-1","Not Free","70"
"23","ARE","2016","United Arab Emirates","90.60000732000000000000","-8","Autocracy","-1","Not Free","66"
"24","ARE","2017","United Arab Emirates","94.81992254000000000000","-8","Autocracy","-1","Not Free","71"
"25","ARG","2012","Argentina","55.80000000000000000000","8","Democracy","0","Partly Free","35"
"26","ARG","2013","Argentina","59.90000000000000000000","8","Democracy","0","Partly Free","34"
"27","ARG","2014","Argentina","64.70000000000000000000","8","Democracy","0","Partly Free","34"
"28","ARG","2015","Argentina","68.04306411000000000000","9","Democracy","0","Partly Free","32"
"29","ARG","2016","Argentina","70.96898082000000000000","9","Democracy","0","Partly Free","36"
"30","ARG","2017","Argentina","75.80974423000000000000","9","Democracy","0","Partly Free","39"
"31","ARM","2012","Armenia","37.50000000000000000000","5","Open Anocracy","-1","Not Free","34"
"32","ARM","2013","Armenia","41.90000000000000000000","5","Open Anocracy","-1","Not Free","36"
"33","ARM","2014","Armenia","54.62280586000000000000","5","Open Anocracy","-1","Not Free","37"
"34","ARM","2015","Armenia","59.10237771000000000000","5","Open Anocracy","-1","Not Free","35"
"35","ARM","2016","Armenia","64.34602977000000000000","5","Open Anocracy","-1","Not Free","33"
"36","ARM","2017","Armenia","69.71812489000000000000","5","Open Anocracy","-1","Not Free","35"
"37","AUS","2012","Australia","79.00000000000000000000","10","Democracy","1","Free","85"
"38","AUS","2013","Australia","83.45349717000000000000","10","Democracy","1","Free","81"
"39","AUS","2014","Australia","84.00000000000000000000","10","Democracy","1","Free","80"
"40","AUS","2015","Australia","84.56051935000000000000","10","Democracy","1","Free","79"
"41","AUS","2016","Australia","86.54000000000000000000","10","Democracy","1","Free","79"
"42","AUS","2017","Australia","86.54472054000000000000","10","Democracy","1","Free","77"
"43","AUT","2012","Austria","80.02999392000000000000","10","Democracy","1","Free","69"
"44","AUT","2013","Austria","80.61880000000000000000","10","Democracy","1","Free","69"
"45","AUT","2014","Austria","80.99582496000000000000","10","Democracy","1","Free","72"
"46","AUT","2015","Austria","83.94014193000000000000","10","Democracy","1","Free","76"
"47","AUT","2016","Austria","84.32333129000000000000","10","Democracy","1","Free","75"
"48","AUT","2017","Austria","87.93558659000000000000","10","Democracy","1","Free","75"
"49","AZE","2012","Azerbaijan","54.20000000000000000000","-7","Autocracy","-1","Not Free","27"
"50","AZE","2013","Azerbaijan","73.00000137000000000000","-7","Autocracy","-1","Not Free","28"
"51","AZE","2014","Azerbaijan","75.00001564000000000000","-7","Autocracy","-1","Not Free","29"
"52","AZE","2015","Azerbaijan","77.00000000000000000000","-7","Autocracy","-1","Not Free","29"
"53","AZE","2016","Azerbaijan","78.20000000000000000000","-7","Autocracy","-1","Not Free","30"
"54","AZE","2017","Azerbaijan","79.00000000000000000000","-7","Autocracy","-1","Not Free","31"
"55","BDI","2012","Burundi","1.21999994500000000000","6","Democracy","-1","Not Free","19"
"56","BDI","2013","Burundi","1.26421811100000000000","6","Democracy","-1","Not Free","21"
"57","BDI","2014","Burundi","1.38000000000000000000","6","Democracy","-1","Not Free","20"
"58","BDI","2015","Burundi","4.86622446400000000000","-1","Closed Anocracy","-1","Not Free","21"
"59","BDI","2016","Burundi","5.17362677700000000000","-1","Closed Anocracy","-1","Not Free","20"
"60","BDI","2017","Burundi","5.59467076800000000000","-1","Closed Anocracy","-1","Not Free","22"
"61","BEL","2012","Belgium","80.71999055000000000000","8","Democracy","1","Free","75"
"62","BEL","2013","Belgium","82.17020000000000000000","8","Democracy","1","Free","75"
"63","BEL","2014","Belgium","85.00000000000000000000","8","Democracy","1","Free","76"
"64","BEL","2015","Belgium","85.05290000000000000000","8","Democracy","1","Free","77"
"65","BEL","2016","Belgium","86.51650000000000000000","8","Democracy","1","Free","77"
"66","BEL","2017","Belgium","87.67968082000000000000","8","Democracy","1","Free","75"
"67","BEN","2012","Benin","4.50000000000000000000","7","Democracy","0","Partly Free","36"
"68","BEN","2013","Benin","4.90000000000000000000","7","Democracy","0","Partly Free","36"
"69","BEN","2014","Benin","6.00000000000000000000","7","Democracy","0","Partly Free","39"
"70","BEN","2015","Benin","11.25498791000000000000","7","Democracy","0","Partly Free","37"
"71","BEN","2016","Benin","11.99404791000000000000","7","Democracy","0","Partly Free","36"
"72","BEN","2017","Benin","14.11901233000000000000","7","Democracy","0","Partly Free","39"
"73","BFA","2012","Burkina Faso","3.72503491600000000000","0","Closed Anocracy","0","Partly Free","38"
"74","BFA","2013","Burkina Faso","9.10000000000000000000","0","Closed Anocracy","0","Partly Free","38"
"75","BFA","2014","Burkina Faso","9.40000000000000000000","0","Closed Anocracy","0","Partly Free","38"
"76","BFA","2015","Burkina Faso","11.38764617000000000000","6","Democracy","0","Partly Free","38"
"77","BFA","2016","Burkina Faso","13.96000000000000000000","6","Democracy","0","Partly Free","42"
"78","BFA","2017","Burkina Faso","15.87620691000000000000","6","Democracy","0","Partly Free","42"
"79","BGD","2012","Bangladesh","5.00000000000000000000","5","Open Anocracy","0","Partly Free","26"
"80","BGD","2013","Bangladesh","6.63000000000000000000","4","Open Anocracy","0","Partly Free","27"
"81","BGD","2014","Bangladesh","13.90000000000000000000","1","Open Anocracy","0","Partly Free","25"
"82","BGD","2015","Bangladesh","14.40000000000000000000","1","Open Anocracy","0","Partly Free","25"
"83","BGD","2016","Bangladesh","18.02000000000000000000","1","Open Anocracy","-1","Not Free","26"
"84","BGD","2017","Bangladesh","18.02000000000000000000","1","Open Anocracy","-1","Not Free","28"
"85","BGR","2012","Bulgaria","51.89998767000000000000","9","Democracy","0","Partly Free","41"
"86","BGR","2013","Bulgaria","53.06150000000000000000","9","Democracy","0","Partly Free","41"
"87","BGR","2014","Bulgaria","55.49000000000000000000","9","Democracy","0","Partly Free","43"
"88","BGR","2015","Bulgaria","56.65630000000000000000","9","Democracy","0","Partly Free","41"
"89","BGR","2016","Bulgaria","59.82554766000000000000","9","Democracy","0","Partly Free","41"
"90","BGR","2017","Bulgaria","63.41010138000000000000","9","Democracy","0","Partly Free","43"
"97","BLR","2012","Belarus","46.91000000000000000000","-7","Autocracy","-1","Not Free","31"
"98","BLR","2013","Belarus","54.17000000000000000000","-7","Autocracy","-1","Not Free","29"
"99","BLR","2014","Belarus","59.02000000000000000000","-7","Autocracy","-1","Not Free","31"
"100","BLR","2015","Belarus","67.30000000000000000000","-7","Autocracy","-1","Not Free","32"
"101","BLR","2016","Belarus","71.11304576000000000000","-7","Autocracy","-1","Not Free","40"
"102","BLR","2017","Belarus","74.43644541000000000000","-7","Autocracy","-1","Not Free","44"
"103","BOL","2012","Bolivia","35.34000000000000000000","7","Democracy","0","Partly Free","34"
"104","BOL","2013","Bolivia","36.99000000000000000000","7","Democracy","0","Partly Free","34"
"105","BOL","2014","Bolivia","34.60000000000000000000","7","Democracy","0","Partly Free","35"
"106","BOL","2015","Bolivia","35.56227065000000000000","7","Democracy","0","Partly Free","34"
"107","BOL","2016","Bolivia","39.69751460000000000000","7","Democracy","0","Partly Free","33"
"108","BOL","2017","Bolivia","43.83227607000000000000","7","Democracy","0","Partly Free","33"
"109","BRA","2012","Brazil","48.56000000000000000000","8","Democracy","0","Partly Free","43"
"110","BRA","2013","Brazil","51.04000000000000000000","8","Democracy","0","Partly Free","42"
"111","BRA","2014","Brazil","54.55100188000000000000","8","Democracy","0","Partly Free","43"
"112","BRA","2015","Brazil","58.32795173000000000000","8","Democracy","0","Partly Free","38"
"113","BRA","2016","Brazil","60.87254007000000000000","8","Democracy","0","Partly Free","40"
"114","BRA","2017","Brazil","67.47000000000000000000","8","Democracy","0","Partly Free","37"
"115","BTN","2012","Bhutan","15.60000000000000000000","3","Open Anocracy","0","Partly Free","63"
"116","BTN","2013","Bhutan","22.40000000000000000000","5","Open Anocracy","0","Partly Free","63"
"117","BTN","2014","Bhutan","30.30000000000000000000","5","Open Anocracy","0","Partly Free","65"
"118","BTN","2015","Bhutan","39.80000000000000000000","5","Open Anocracy","0","Partly Free","65"
"119","BTN","2016","Bhutan","41.77264453000000000000","5","Open Anocracy","0","Partly Free","65"
"120","BTN","2017","Bhutan","48.10641588000000000000","5","Open Anocracy","0","Partly Free","67"
"121","BWA","2012","Botswana","16.00000000000000000000","8","Democracy","0","Partly Free","65"
"122","BWA","2013","Botswana","30.00000000000000000000","8","Democracy","0","Partly Free","64"
"123","BWA","2014","Botswana","36.74474744000000000000","8","Democracy","0","Partly Free","63"
"124","BWA","2015","Botswana","37.31205037000000000000","8","Democracy","0","Partly Free","63"
"125","BWA","2016","Botswana","39.36299738000000000000","8","Democracy","0","Partly Free","60"
"126","BWA","2017","Botswana","41.41379464000000000000","8","Democracy","0","Partly Free","61"
"127","CAF","2012","Central African Republic","3.00000000000000000000","-1","Closed Anocracy","-1","Not Free","26"
"128","CAF","2013","Central African Republic","3.40000000000000000000","0","Closed Anocracy","-1","Not Free","25"
"129","CAF","2014","Central African Republic","3.60000000000000000000","0","Closed Anocracy","-1","Not Free","24"
"130","CAF","2015","Central African Republic","3.80000000000000000000","0","Closed Anocracy","-1","Not Free","24"
"131","CAF","2016","Central African Republic","4.00000000000000000000","6","Democracy","-1","Not Free","20"
"132","CAF","2017","Central African Republic","4.33925494500000000000","6","Democracy","-1","Not Free","23"
"133","CAN","2012","Canada","83.00000000000000000000","10","Democracy","1","Free","84"
"134","CAN","2013","Canada","85.80000000000000000000","10","Democracy","1","Free","81"
"135","CAN","2014","Canada","87.12000000000000000000","10","Democracy","1","Free","81"
"136","CAN","2015","Canada","88.47000000000000000000","10","Democracy","1","Free","83"
"137","CAN","2016","Canada","91.16000000000000000000","10","Democracy","1","Free","82"
"138","CAN","2017","Canada","92.70137191000000000000","10","Democracy","1","Free","82"
"139","CHL","2012","Chile","55.05000000000000000000","10","Democracy","0","Partly Free","72"
"140","CHL","2013","Chile","58.00000000000000000000","10","Democracy","0","Partly Free","71"
"141","CHL","2014","Chile","61.11000000000000000000","10","Democracy","0","Partly Free","73"
"142","CHL","2015","Chile","76.63000000000000000000","10","Democracy","0","Partly Free","70"
"143","CHL","2016","Chile","82.32748693000000000000","10","Democracy","1","Free","66"
"144","CHL","2017","Chile","82.32748693000000000000","10","Democracy","1","Free","67"
"145","CHN","2012","China","42.30011749000000000000","-7","Autocracy","-1","Not Free","39"
"146","CHN","2013","China","45.80000000000000000000","-7","Autocracy","-1","Not Free","40"
"147","CHN","2014","China","47.90000000000000000000","-7","Autocracy","-1","Not Free","36"
"148","CHN","2015","China","50.30000000000000000000","-7","Autocracy","-1","Not Free","37"
"149","CHN","2016","China","53.20000000000000000000","-7","Autocracy","-1","Not Free","40"
"150","CHN","2017","China","54.30000000000000000000","-7","Autocracy","-1","Not Free","41"
"151","CIV","2012","Côte d'Ivoire","5.00000000000000000000","4","Open Anocracy","-1","Not Free","29"
"152","CIV","2013","Côte d'Ivoire","12.00000000000000000000","4","Open Anocracy","0","Partly Free","27"
"153","CIV","2014","Côte d'Ivoire","19.27422980000000000000","4","Open Anocracy","0","Partly Free","32"
"154","CIV","2015","Côte d'Ivoire","38.44000000000000000000","4","Open Anocracy","0","Partly Free","32"
"155","CIV","2016","Côte d'Ivoire","41.21000000000000000000","4","Open Anocracy","0","Partly Free","34"
"156","CIV","2017","Côte d'Ivoire","43.83992085000000000000","4","Open Anocracy","0","Partly Free","36"
"157","CMR","2012","Cameroon","7.50000000000000000000","-4","Closed Anocracy","-1","Not Free","26"
"158","CMR","2013","Cameroon","10.00000000000000000000","-4","Closed Anocracy","-1","Not Free","25"
"159","CMR","2014","Cameroon","16.21487223000000000000","-4","Closed Anocracy","-1","Not Free","27"
"160","CMR","2015","Cameroon","20.68014766000000000000","-4","Closed Anocracy","-1","Not Free","27"
"161","CMR","2016","Cameroon","23.20297197000000000000","-4","Closed Anocracy","-1","Not Free","26"
"162","CMR","2017","Cameroon","23.20297197000000000000","-4","Closed Anocracy","-1","Not Free","25"
"163","COD","2012","Congo-Kinshasa","1.67996101500000000000","5","Open Anocracy","-1","Not Free","21"
"164","COD","2013","Congo-Kinshasa","2.20000000000000000000","5","Open Anocracy","-1","Not Free","22"
"165","COD","2014","Congo-Kinshasa","3.00000000000000000000","5","Open Anocracy","-1","Not Free","22"
"166","COD","2015","Congo-Kinshasa","3.79999950700000000000","5","Open Anocracy","0","Partly Free","22"
"167","COD","2016","Congo-Kinshasa","6.20997406000000000000","-3","Closed Anocracy","-1","Not Free","21"
"168","COD","2017","Congo-Kinshasa","8.61990491600000000000","-3","Closed Anocracy","-1","Not Free","21"
"169","COG","2012","Congo-Brazzaville","6.10669502400000000000","-4","Closed Anocracy","0","Partly Free","26"
"170","COG","2013","Congo-Brazzaville","6.60000000000000000000","-4","Closed Anocracy","0","Partly Free","22"
"171","COG","2014","Congo-Brazzaville","7.11000000000000000000","-4","Closed Anocracy","0","Partly Free","23"
"172","COG","2015","Congo-Brazzaville","7.61597466200000000000","-4","Closed Anocracy","-1","Not Free","23"
"173","COG","2016","Congo-Brazzaville","8.12194932300000000000","-4","Closed Anocracy","0","Partly Free","20"
"174","COG","2017","Congo-Brazzaville","8.65000000000000000000","-4","Closed Anocracy","0","Partly Free","21"
"175","COL","2012","Colombia","48.98000000000000000000","7","Democracy","0","Partly Free","36"
"176","COL","2013","Colombia","51.70000000000000000000","7","Democracy","0","Partly Free","36"
"177","COL","2014","Colombia","52.57000000000000000000","7","Democracy","0","Partly Free","37"
"178","COL","2015","Colombia","55.90497251000000000000","7","Democracy","0","Partly Free","37"
"179","COL","2016","Colombia","58.13649357000000000000","7","Democracy","0","Partly Free","37"
"180","COL","2017","Colombia","62.25988032000000000000","7","Democracy","0","Partly Free","37"
"181","CRI","2012","Costa Rica","47.50000000000000000000","10","Democracy","1","Free","54"
"182","CRI","2013","Costa Rica","45.96000000000000000000","10","Democracy","1","Free","53"
"183","CRI","2014","Costa Rica","53.00000000000000000000","10","Democracy","1","Free","54"
"184","CRI","2015","Costa Rica","59.76295014000000000000","10","Democracy","1","Free","55"
"185","CRI","2016","Costa Rica","66.02871285000000000000","10","Democracy","1","Free","58"
"186","CRI","2017","Costa Rica","71.58166462000000000000","10","Democracy","1","Free","59"
"187","CUB","2012","Cuba","21.20000000000000000000","-7","Autocracy","-1","Not Free","48"
"188","CUB","2013","Cuba","27.93000000000000000000","-7","Autocracy","-1","Not Free","46"
"189","CUB","2014","Cuba","29.07018437000000000000","-7","Autocracy","-1","Not Free","46"
"190","CUB","2015","Cuba","37.30509742000000000000","-7","Autocracy","-1","Not Free","47"
"191","CUB","2016","Cuba","42.98000000000000000000","-7","Autocracy","-1","Not Free","47"
"192","CUB","2017","Cuba","49.10468730000000000000","-7","Autocracy","-1","Not Free","47"
"193","CYP","2012","Cyprus","60.68986840000000000000","10","Democracy","1","Free","66"
"194","CYP","2013","Cyprus","65.45480000000000000000","10","Democracy","1","Free","63"
"195","CYP","2014","Cyprus","69.33000000000000000000","10","Democracy","1","Free","63"
"196","CYP","2015","Cyprus","71.71590000000000000000","10","Democracy","1","Free","61"
"197","CYP","2016","Cyprus","75.90036019000000000000","10","Democracy","1","Free","55"
"198","CYP","2017","Cyprus","80.74318897000000000000","10","Democracy","1","Free","57"
"199","CZE","2012","Czechia","73.43000782000000000000","9","Democracy","1","Free","49"
"200","CZE","2013","Czechia","74.11040000000000000000","9","Democracy","1","Free","48"
"201","CZE","2014","Czechia","74.23171164000000000000","9","Democracy","1","Free","51"
"202","CZE","2015","Czechia","75.66883870000000000000","9","Democracy","1","Free","56"
"203","CZE","2016","Czechia","76.48120138000000000000","9","Democracy","1","Free","55"
"204","CZE","2017","Czechia","78.71917285000000000000","9","Democracy","1","Free","57"
"205","DEU","2012","Germany","82.34999847000000000000","10","Democracy","1","Free","79"
"206","DEU","2013","Germany","84.17000000000000000000","10","Democracy","1","Free","78"
"207","DEU","2014","Germany","86.19000000000000000000","10","Democracy","1","Free","79"
"208","DEU","2015","Germany","84.39550077000000000000","10","Democracy","1","Free","81"
"209","DEU","2016","Germany","84.39550077000000000000","10","Democracy","1","Free","81"
"210","DEU","2017","Germany","84.39550077000000000000","10","Democracy","1","Free","81"
"211","DJI","2012","Djibouti","8.26723289200000000000","2","Open Anocracy","-1","Not Free","36"
"212","DJI","2013","Djibouti","9.50000000000000000000","3","Open Anocracy","-1","Not Free","36"
"213","DJI","2014","Djibouti","10.71000000000000000000","3","Open Anocracy","-1","Not Free","34"
"214","DJI","2015","Djibouti","11.92243143000000000000","3","Open Anocracy","-1","Not Free","34"
"215","DJI","2016","Djibouti","13.13491511000000000000","3","Open Anocracy","-1","Not Free","30"
"216","DJI","2017","Djibouti","55.68140925000000000000","3","Open Anocracy","-1","Not Free","31"
"217","DNK","2012","Denmark","92.26001172000000000000","10","Democracy","1","Free","90"
"218","DNK","2013","Denmark","94.62970000000000000000","10","Democracy","1","Free","91"
"219","DNK","2014","Denmark","95.99000000000000000000","10","Democracy","1","Free","92"
"220","DNK","2015","Denmark","96.33050000000000000000","10","Democracy","1","Free","91"
"221","DNK","2016","Denmark","96.96778525000000000000","10","Democracy","1","Free","90"
"222","DNK","2017","Denmark","97.09936216000000000000","10","Democracy","1","Free","88"
"223","DOM","2012","Dominican Republic","42.32000000000000000000","8","Democracy","0","Partly Free","32"
"224","DOM","2013","Dominican Republic","45.90000000000000000000","8","Democracy","0","Partly Free","29"
"225","DOM","2014","Dominican Republic","49.58000000000000000000","8","Democracy","0","Partly Free","32"
"226","DOM","2015","Dominican Republic","54.21576634000000000000","8","Democracy","0","Partly Free","33"
"227","DOM","2016","Dominican Republic","63.87000000000000000000","7","Democracy","0","Partly Free","31"
"228","DOM","2017","Dominican Republic","64.99320547000000000000","7","Democracy","0","Partly Free","29"
"229","DZA","2012","Algeria","18.20000000000000000000","2","Open Anocracy","-1","Not Free","34"
"230","DZA","2013","Algeria","22.50000000000000000000","2","Open Anocracy","0","Partly Free","36"
"231","DZA","2014","Algeria","29.50000000000000000000","2","Open Anocracy","-1","Not Free","36"
"232","DZA","2015","Algeria","38.20000000000000000000","2","Open Anocracy","-1","Not Free","36"
"233","DZA","2016","Algeria","42.94552688000000000000","2","Open Anocracy","-1","Not Free","34"
"234","DZA","2017","Algeria","47.69105515000000000000","2","Open Anocracy","-1","Not Free","33"
"235","ECU","2012","Ecuador","35.13514645000000000000","5","Open Anocracy","-1","Not Free","32"
"236","ECU","2013","Ecuador","40.27912194000000000000","5","Open Anocracy","-1","Not Free","35"
"237","ECU","2014","Ecuador","45.59039067000000000000","5","Open Anocracy","-1","Not Free","33"
"238","ECU","2015","Ecuador","48.94043379000000000000","5","Open Anocracy","-1","Not Free","32"
"239","ECU","2016","Ecuador","54.06292473000000000000","5","Open Anocracy","-1","Not Free","31"
"240","ECU","2017","Ecuador","57.27224368000000000000","5","Open Anocracy","-1","Not Free","32"
"241","EGY","2012","Egypt","26.40000000000000000000","-3","Closed Anocracy","-1","Not Free","32"
"242","EGY","2013","Egypt","29.40000000000000000000","-4","Closed Anocracy","-1","Not Free","32"
"243","EGY","2014","Egypt","33.89460391000000000000","-4","Closed Anocracy","-1","Not Free","37"
"244","EGY","2015","Egypt","37.81938343000000000000","-4","Closed Anocracy","-1","Not Free","36"
"245","EGY","2016","Egypt","41.24806709000000000000","-4","Closed Anocracy","-1","Not Free","34"
"246","EGY","2017","Egypt","44.95020425000000000000","-4","Closed Anocracy","-1","Not Free","32"
"247","ERI","2012","Eritrea","0.80000000000000000000","-7","Autocracy","-1","Not Free","25"
"248","ERI","2013","Eritrea","0.90000000000000000000","-7","Autocracy","-1","Not Free","20"
"249","ERI","2014","Eritrea","0.99000000000000000000","-7","Autocracy","-1","Not Free","18"
"250","ERI","2015","Eritrea","1.08373311600000000000","-7","Autocracy","-1","Not Free","18"
"251","ERI","2016","Eritrea","1.17711872000000000000","-7","Autocracy","-1","Not Free","18"
"252","ERI","2017","Eritrea","1.30890698000000000000","-7","Autocracy","-1","Not Free","20"
"253","ESP","2012","Spain","69.80999994000000000000","10","Democracy","1","Free","65"
"254","ESP","2013","Spain","71.63500000000000000000","10","Democracy","1","Free","59"
"255","ESP","2014","Spain","76.19000000000000000000","10","Democracy","1","Free","60"
"256","ESP","2015","Spain","78.68960000000000000000","10","Democracy","1","Free","58"
"257","ESP","2016","Spain","80.56133294000000000000","10","Democracy","1","Free","58"
"258","ESP","2017","Spain","84.60224570000000000000","10","Democracy","1","Free","57"
"259","EST","2012","Estonia","78.38992593000000000000","9","Democracy","1","Free","64"
"260","EST","2013","Estonia","80.00430000000000000000","9","Democracy","1","Free","68"
"261","EST","2014","Estonia","84.24152803000000000000","9","Democracy","1","Free","69"
"262","EST","2015","Estonia","87.23733209000000000000","9","Democracy","1","Free","70"
"263","EST","2016","Estonia","87.23733209000000000000","9","Democracy","1","Free","70"
"264","EST","2017","Estonia","88.10245687000000000000","9","Democracy","1","Free","71"
"265","ETH","2012","Ethiopia","2.90000000000000000000","-3","Closed Anocracy","-1","Not Free","33"
"266","ETH","2013","Ethiopia","4.60000000000000000000","-3","Closed Anocracy","-1","Not Free","33"
"267","ETH","2014","Ethiopia","7.70000000000000000000","-3","Closed Anocracy","-1","Not Free","33"
"268","ETH","2015","Ethiopia","13.85517556000000000000","-3","Closed Anocracy","-1","Not Free","33"
"269","ETH","2016","Ethiopia","15.36692386000000000000","-3","Closed Anocracy","-1","Not Free","34"
"270","ETH","2017","Ethiopia","18.61805145000000000000","-3","Closed Anocracy","-1","Not Free","35"
"271","FIN","2012","Finland","89.87999797000000000000","10","Democracy","1","Free","90"
"272","FIN","2013","Finland","91.51440000000000000000","10","Democracy","1","Free","89"
"273","FIN","2014","Finland","86.53039275000000000000","10","Democracy","1","Free","89"
"274","FIN","2015","Finland","86.42213333000000000000","10","Democracy","1","Free","90"
"275","FIN","2016","Finland","87.70364996000000000000","10","Democracy","1","Free","89"
"276","FIN","2017","Finland","87.46892907000000000000","10","Democracy","1","Free","85"
"277","FRA","2012","France","81.44000000000000000000","9","Democracy","1","Free","71"
"278","FRA","2013","France","81.91980000000000000000","9","Democracy","1","Free","71"
"279","FRA","2014","France","83.75000000000000000000","9","Democracy","1","Free","69"
"280","FRA","2015","France","78.01000000000000000000","9","Democracy","1","Free","70"
"281","FRA","2016","France","79.27000000000000000000","9","Democracy","1","Free","69"
"282","FRA","2017","France","80.50000000000000000000","9","Democracy","1","Free","70"
"283","GAB","2012","Gabon","24.00000000000000000000","3","Open Anocracy","-1","Not Free","35"
"284","GAB","2013","Gabon","30.53803344000000000000","3","Open Anocracy","-1","Not Free","34"
"285","GAB","2014","Gabon","38.07120929000000000000","3","Open Anocracy","-1","Not Free","37"
"286","GAB","2015","Gabon","45.78453653000000000000","3","Open Anocracy","-1","Not Free","34"
"287","GAB","2016","Gabon","48.05227375000000000000","3","Open Anocracy","-1","Not Free","35"
"288","GAB","2017","Gabon","50.32012015000000000000","3","Open Anocracy","-1","Not Free","32"
"289","GBR","2012","United Kingdom","87.47999842000000000000","10","Democracy","1","Free","74"
"290","GBR","2013","United Kingdom","89.84410000000000000000","10","Democracy","1","Free","76"
"291","GBR","2014","United Kingdom","91.61000000000000000000","10","Democracy","1","Free","78"
"292","GBR","2015","United Kingdom","92.00030000000000000000","10","Democracy","1","Free","81"
"293","GBR","2016","United Kingdom","94.62000000000000000000","10","Democracy","1","Free","81"
"294","GBR","2017","United Kingdom","94.62000000000000000000","10","Democracy","1","Free","82"
"295","GEO","2012","Georgia","36.94000000000000000000","6","Democracy","0","Partly Free","52"
"296","GEO","2013","Georgia","43.30000000000000000000","7","Democracy","0","Partly Free","49"
"297","GEO","2014","Georgia","44.00000000000000000000","7","Democracy","0","Partly Free","52"
"298","GEO","2015","Georgia","47.56975964000000000000","7","Democracy","0","Partly Free","52"
"299","GEO","2016","Georgia","59.26000000000000000000","7","Democracy","0","Partly Free","57"
"300","GEO","2017","Georgia","60.49125755000000000000","7","Democracy","0","Partly Free","56"
"301","GHA","2012","Ghana","10.60000000000000000000","8","Democracy","1","Free","45"
"302","GHA","2013","Ghana","15.00000000000000000000","8","Democracy","1","Free","46"
"303","GHA","2014","Ghana","25.51773743000000000000","8","Democracy","1","Free","48"
"304","GHA","2015","Ghana","31.44785241000000000000","8","Democracy","1","Free","47"
"305","GHA","2016","Ghana","34.66600065000000000000","8","Democracy","0","Partly Free","43"
"306","GHA","2017","Ghana","37.88415262000000000000","8","Democracy","0","Partly Free","40"
"307","GIN","2012","Guinea","3.10000000000000000000","1","Open Anocracy","-1","Not Free","24"
"308","GIN","2013","Guinea","4.50000000000000000000","4","Open Anocracy","-1","Not Free","24"
"309","GIN","2014","Guinea","6.40000000000000000000","4","Open Anocracy","-1","Not Free","25"
"310","GIN","2015","Guinea","8.20000000000000000000","4","Open Anocracy","-1","Not Free","25"
"311","GIN","2016","Guinea","9.80000000000000000000","4","Open Anocracy","-1","Not Free","27"
"312","GIN","2017","Guinea","11.40002077000000000000","4","Open Anocracy","-1","Not Free","27"
"313","GMB","2012","Gambia","12.44922872000000000000","-5","Closed Anocracy","-1","Not Free","34"
"314","GMB","2013","Gambia","14.00000000000000000000","-5","Closed Anocracy","-1","Not Free","28"
"315","GMB","2014","Gambia","15.56000000000000000000","-5","Closed Anocracy","-1","Not Free","29"
"316","GMB","2015","Gambia","16.50000000000000000000","-5","Closed Anocracy","-1","Not Free","28"
"317","GMB","2016","Gambia","18.50000000000000000000","-5","Closed Anocracy","-1","Not Free","26"
"318","GMB","2017","Gambia","19.83645444000000000000","4","Open Anocracy","-1","Not Free","30"
"319","GNB","2012","Guinea-Bissau","2.89399062100000000000","1","Open Anocracy","-1","Not Free","25"
"320","GNB","2013","Guinea-Bissau","3.10000000000000000000","1","Open Anocracy","-1","Not Free","19"
"321","GNB","2014","Guinea-Bissau","3.32000000000000000000","6","Democracy","0","Partly Free","19"
"322","GNB","2015","Guinea-Bissau","3.54070691700000000000","6","Democracy","0","Partly Free","17"
"323","GNB","2016","Guinea-Bissau","3.76141383200000000000","6","Democracy","0","Partly Free","16"
"324","GNB","2017","Guinea-Bissau","3.93050915200000000000","6","Democracy","0","Partly Free","17"
"325","GNQ","2012","Equatorial Guinea","13.94318219000000000000","-6","Autocracy","-1","Not Free","20"
"326","GNQ","2013","Equatorial Guinea","16.40000000000000000000","-6","Autocracy","-1","Not Free","19"
"330","GNQ","2017","Equatorial Guinea","26.23999996000000000000","-6","Autocracy","-1","Not Free","17"
"331","GRC","2012","Greece","55.06999344000000000000","10","Democracy","0","Partly Free","36"
"332","GRC","2013","Greece","59.86630000000000000000","10","Democracy","0","Partly Free","40"
"333","GRC","2014","Greece","63.21000000000000000000","10","Democracy","0","Partly Free","43"
"334","GRC","2015","Greece","66.83500000000000000000","10","Democracy","0","Partly Free","46"
"335","GRC","2016","Greece","69.08791547000000000000","10","Democracy","0","Partly Free","44"
"336","GRC","2017","Greece","69.89000000000000000000","10","Democracy","0","Partly Free","48"
"337","GTM","2012","Guatemala","16.00000000000000000000","8","Democracy","0","Partly Free","33"
"338","GTM","2013","Guatemala","19.70000000000000000000","8","Democracy","0","Partly Free","29"
"339","GTM","2014","Guatemala","23.40000000000000000000","8","Democracy","0","Partly Free","32"
"340","GTM","2015","Guatemala","28.80594156000000000000","8","Democracy","0","Partly Free","28"
"341","GTM","2016","Guatemala","34.50932609000000000000","8","Democracy","0","Partly Free","28"
"342","GTM","2017","Guatemala","40.70304908000000000000","8","Democracy","0","Partly Free","28"
"343","GUY","2012","Guyana","30.50000000000000000000","6","Democracy","0","Partly Free","28"
"344","GUY","2013","Guyana","31.00000000000000000000","6","Democracy","0","Partly Free","27"
"345","GUY","2014","Guyana","32.00000000000000000000","6","Democracy","0","Partly Free","30"
"346","GUY","2015","Guyana","34.00000000000000000000","7","Democracy","0","Partly Free","29"
"347","GUY","2016","Guyana","35.66000000000000000000","7","Democracy","0","Partly Free","34"
"348","GUY","2017","Guyana","37.32583679000000000000","7","Democracy","0","Partly Free","38"
"349","HND","2012","Honduras","18.12000000000000000000","7","Democracy","-1","Not Free","28"
"350","HND","2013","Honduras","17.80000000000000000000","7","Democracy","-1","Not Free","26"
"351","HND","2014","Honduras","19.08000000000000000000","7","Democracy","-1","Not Free","29"
"352","HND","2015","Honduras","27.61981381000000000000","7","Democracy","-1","Not Free","31"
"353","HND","2016","Honduras","30.00000000000000000000","7","Democracy","-1","Not Free","30"
"354","HND","2017","Honduras","32.13636364000000000000","5","Open Anocracy","-1","Not Free","29"
"355","HRV","2012","Croatia","61.93997315000000000000","9","Democracy","0","Partly Free","46"
"356","HRV","2013","Croatia","66.74760000000000000000","9","Democracy","0","Partly Free","48"
"357","HRV","2014","Croatia","68.57000000000000000000","9","Democracy","0","Partly Free","48"
"358","HRV","2015","Croatia","69.80310000000000000000","9","Democracy","0","Partly Free","51"
"359","HRV","2016","Croatia","72.69730605000000000000","9","Democracy","0","Partly Free","49"
"360","HRV","2017","Croatia","67.09619204000000000000","9","Democracy","0","Partly Free","49"
"361","HTI","2012","Haiti","9.80000000000000000000","0","Closed Anocracy","0","Partly Free","19"
"362","HTI","2013","Haiti","10.60000000000000000000","0","Closed Anocracy","0","Partly Free","19"
"363","HTI","2014","Haiti","11.40000000000000000000","0","Closed Anocracy","0","Partly Free","19"
"364","HTI","2015","Haiti","12.19770000000000000000","0","Closed Anocracy","0","Partly Free","17"
"365","HTI","2016","Haiti","12.23260161000000000000","5","Open Anocracy","0","Partly Free","20"
"366","HTI","2017","Haiti","12.32610358000000000000","5","Open Anocracy","0","Partly Free","22"
"367","HUN","2012","Hungary","70.57999815000000000000","10","Democracy","0","Partly Free","55"
"368","HUN","2013","Hungary","72.64390000000000000000","10","Democracy","0","Partly Free","54"
"369","HUN","2014","Hungary","75.65319745000000000000","10","Democracy","0","Partly Free","54"
"370","HUN","2015","Hungary","72.83470000000000000000","10","Democracy","0","Partly Free","51"
"371","HUN","2016","Hungary","79.25940132000000000000","10","Democracy","0","Partly Free","48"
"372","HUN","2017","Hungary","76.75054712000000000000","10","Democracy","0","Partly Free","45"
"373","IDN","2012","Indonesia","14.52000000000000000000","8","Democracy","0","Partly Free","32"
"374","IDN","2013","Indonesia","14.94000000000000000000","8","Democracy","0","Partly Free","32"
"375","IDN","2014","Indonesia","17.14000000000000000000","9","Democracy","0","Partly Free","34"
"376","IDN","2015","Indonesia","21.97606771000000000000","9","Democracy","0","Partly Free","36"
"377","IDN","2016","Indonesia","25.45000000000000000000","9","Democracy","0","Partly Free","37"
"378","IDN","2017","Indonesia","32.29244190000000000000","9","Democracy","0","Partly Free","37"
"379","IND","2012","India","12.58006091000000000000","9","Democracy","0","Partly Free","36"
"380","IND","2013","India","15.10000000000000000000","9","Democracy","0","Partly Free","36"
"381","IND","2014","India","21.00000000000000000000","9","Democracy","0","Partly Free","38"
"382","IND","2015","India","26.00000000000000000000","9","Democracy","0","Partly Free","38"
"383","IND","2016","India","29.54716289000000000000","9","Democracy","0","Partly Free","40"
"384","IND","2017","India","34.45000000000000000000","9","Democracy","0","Partly Free","40"
"385","IRL","2012","Ireland","76.91999254000000000000","10","Democracy","1","Free","69"
"386","IRL","2013","Ireland","78.24770000000000000000","10","Democracy","1","Free","72"
"387","IRL","2014","Ireland","83.49172234000000000000","10","Democracy","1","Free","74"
"388","IRL","2015","Ireland","83.49479167000000000000","10","Democracy","1","Free","75"
"389","IRL","2016","Ireland","84.51538863000000000000","10","Democracy","1","Free","73"
"390","IRL","2017","Ireland","84.51538863000000000000","10","Democracy","1","Free","74"
"391","IRN","2012","Iran","22.73000000000000000000","-7","Autocracy","-1","Not Free","28"
"392","IRN","2013","Iran","29.95000000000000000000","-7","Autocracy","-1","Not Free","25"
"393","IRN","2014","Iran","39.35000000000000000000","-7","Autocracy","-1","Not Free","27"
"394","IRN","2015","Iran","45.33497588000000000000","-7","Autocracy","-1","Not Free","27"
"395","IRN","2016","Iran","53.22677263000000000000","-7","Autocracy","-1","Not Free","29"
"396","IRN","2017","Iran","60.41635615000000000000","-7","Autocracy","-1","Not Free","30"
"397","IRQ","2012","Iraq","7.10000000000000000000","3","Open Anocracy","-1","Not Free","18"
"398","IRQ","2013","Iraq","9.20000000000000000000","3","Open Anocracy","-1","Not Free","16"
"399","IRQ","2014","Iraq","13.21000000000000000000","6","Democracy","-1","Not Free","16"
"400","IRQ","2015","Iraq","17.22000000000000000000","6","Democracy","-1","Not Free","16"
"401","IRQ","2016","Iraq","21.23000000000000000000","6","Democracy","-1","Not Free","17"
"402","IRQ","2017","Iraq","49.35999889000000000000","6","Democracy","-1","Not Free","18"
"403","ISR","2012","Israel","70.80000000000000000000","6","Democracy","0","Partly Free","60"
"404","ISR","2013","Israel","70.25031195000000000000","6","Democracy","1","Free","61"
"405","ISR","2014","Israel","75.01775316000000000000","6","Democracy","1","Free","60"
"406","ISR","2015","Israel","77.35208966000000000000","6","Democracy","1","Free","61"
"407","ISR","2016","Israel","79.65312418000000000000","6","Democracy","0","Partly Free","64"
"408","ISR","2017","Israel","81.58118359000000000000","6","Democracy","0","Partly Free","62"
"409","ITA","2012","Italy","55.82999799000000000000","10","Democracy","0","Partly Free","42"
"410","ITA","2013","Italy","58.45930000000000000000","10","Democracy","0","Partly Free","43"
"411","ITA","2014","Italy","55.63846022000000000000","10","Democracy","0","Partly Free","43"
"412","ITA","2015","Italy","58.14173496000000000000","10","Democracy","0","Partly Free","44"
"413","ITA","2016","Italy","61.30114276000000000000","10","Democracy","0","Partly Free","47"
"414","ITA","2017","Italy","61.30114276000000000000","10","Democracy","0","Partly Free","50"
"415","JAM","2012","Jamaica","33.79000000000000000000","9","Democracy","1","Free","38"
"416","JAM","2013","Jamaica","37.10000000000000000000","9","Democracy","1","Free","38"
"417","JAM","2014","Jamaica","40.40273510000000000000","9","Democracy","1","Free","38"
"418","JAM","2015","Jamaica","42.22122119000000000000","9","Democracy","1","Free","41"
"419","JAM","2016","Jamaica","44.36685637000000000000","9","Democracy","1","Free","39"
"420","JAM","2017","Jamaica","48.78096953000000000000","9","Democracy","1","Free","44"
"421","JOR","2012","Jordan","37.00000000000000000000","-3","Closed Anocracy","-1","Not Free","48"
"422","JOR","2013","Jordan","41.40000000000000000000","-3","Closed Anocracy","-1","Not Free","45"
"423","JOR","2014","Jordan","46.20000000000000000000","-3","Closed Anocracy","-1","Not Free","49"
"424","JOR","2015","Jordan","60.11438269000000000000","-3","Closed Anocracy","-1","Not Free","53"
"425","JOR","2016","Jordan","62.30219257000000000000","-3","Closed Anocracy","-1","Not Free","48"
"426","JOR","2017","Jordan","66.79031443000000000000","-3","Closed Anocracy","-1","Not Free","48"
"427","JPN","2012","Japan","79.49640000000000000000","10","Democracy","1","Free","74"
"428","JPN","2013","Japan","88.21942891000000000000","10","Democracy","1","Free","74"
"429","JPN","2014","Japan","89.10683302000000000000","10","Democracy","1","Free","76"
"430","JPN","2015","Japan","91.05802839000000000000","10","Democracy","1","Free","75"
"431","JPN","2016","Japan","93.18272128000000000000","10","Democracy","1","Free","72"
"432","JPN","2017","Japan","90.87304215000000000000","10","Democracy","1","Free","73"
"433","KAZ","2012","Kazakhstan","61.90662747000000000000","-6","Autocracy","-1","Not Free","28"
"434","KAZ","2013","Kazakhstan","63.30422443000000000000","-6","Autocracy","-1","Not Free","26"
"435","KAZ","2014","Kazakhstan","66.00000000000000000000","-6","Autocracy","-1","Not Free","29"
"436","KAZ","2015","Kazakhstan","70.82993360000000000000","-6","Autocracy","-1","Not Free","28"
"437","KAZ","2016","Kazakhstan","74.58772647000000000000","-6","Autocracy","-1","Not Free","29"
"438","KAZ","2017","Kazakhstan","76.42674823000000000000","-6","Autocracy","-1","Not Free","31"
"439","KEN","2012","Kenya","10.50000000000000000000","8","Democracy","0","Partly Free","27"
"440","KEN","2013","Kenya","13.00000000000000000000","9","Democracy","0","Partly Free","27"
"441","KEN","2014","Kenya","16.50000000000000000000","9","Democracy","0","Partly Free","25"
"442","KEN","2015","Kenya","16.60000000000000000000","9","Democracy","0","Partly Free","25"
"443","KEN","2016","Kenya","16.60000000000000000000","9","Democracy","0","Partly Free","26"
"444","KEN","2017","Kenya","17.82710021000000000000","9","Democracy","0","Partly Free","28"
"445","KGZ","2012","Kyrgyzstan","19.80000000000000000000","7","Democracy","-1","Not Free","24"
"446","KGZ","2013","Kyrgyzstan","23.00000000000000000000","7","Democracy","-1","Not Free","24"
"447","KGZ","2014","Kyrgyzstan","28.30000000000000000000","7","Democracy","-1","Not Free","27"
"448","KGZ","2015","Kyrgyzstan","30.24704278000000000000","7","Democracy","-1","Not Free","28"
"449","KGZ","2016","Kyrgyzstan","34.50000000000000000000","7","Democracy","-1","Not Free","28"
"450","KGZ","2017","Kyrgyzstan","38.19903776000000000000","8","Democracy","-1","Not Free","29"
"451","KHM","2012","Cambodia","4.94000000000000000000","2","Open Anocracy","-1","Not Free","22"
"452","KHM","2013","Cambodia","6.80000000000000000000","2","Open Anocracy","-1","Not Free","20"
"453","KHM","2014","Cambodia","14.00000000000000000000","2","Open Anocracy","-1","Not Free","21"
"454","KHM","2015","Cambodia","22.32743536000000000000","2","Open Anocracy","-1","Not Free","21"
"455","KHM","2016","Cambodia","32.39845171000000000000","2","Open Anocracy","-1","Not Free","21"
"456","KHM","2017","Cambodia","33.99999913000000000000","-4","Closed Anocracy","-1","Not Free","21"
"457","KOR","2012","Korea","84.07000000000000000000","8","Democracy","0","Partly Free","56"
"458","KOR","2013","Korea","84.77000000000000000000","8","Democracy","0","Partly Free","55"
"459","KOR","2014","Korea","87.55682649000000000000","8","Democracy","0","Partly Free","55"
"460","KOR","2015","Korea","89.90000000000000000000","8","Democracy","0","Partly Free","54"
"461","KOR","2016","Korea","92.84302568000000000000","8","Democracy","0","Partly Free","53"
"462","KOR","2017","Korea","95.09714917000000000000","8","Democracy","0","Partly Free","54"
"463","KWT","2012","Kuwait","70.45000000000000000000","-7","Autocracy","0","Partly Free","44"
"464","KWT","2013","Kuwait","75.46000000000000000000","-7","Autocracy","0","Partly Free","43"
"465","KWT","2014","Kuwait","78.70000000000000000000","-7","Autocracy","0","Partly Free","44"
"466","KWT","2015","Kuwait","77.52326901000000000000","-7","Autocracy","0","Partly Free","49"
"467","KWT","2016","Kuwait","78.36738376000000000000","-7","Autocracy","0","Partly Free","41"
"468","KWT","2017","Kuwait","97.99998933000000000000","-7","Autocracy","0","Partly Free","39"
"469","LAO","2012","Laos","10.74767619000000000000","-7","Autocracy","-1","Not Free","21"
"470","LAO","2013","Laos","12.50000000000000000000","-7","Autocracy","-1","Not Free","26"
"471","LAO","2014","Laos","14.26000000000000000000","-7","Autocracy","-1","Not Free","25"
"472","LAO","2015","Laos","18.20000000000000000000","-7","Autocracy","-1","Not Free","25"
"473","LAO","2016","Laos","21.87000000000000000000","-7","Autocracy","-1","Not Free","30"
"474","LAO","2017","Laos","25.51043508000000000000","-7","Autocracy","-1","Not Free","29"
"475","LBN","2012","Lebanon","61.24978572000000000000","6","Democracy","0","Partly Free","30"
"476","LBN","2013","Lebanon","70.50000000000000000000","6","Democracy","0","Partly Free","28"
"477","LBN","2014","Lebanon","73.00000000000000000000","6","Democracy","0","Partly Free","27"
"478","LBN","2015","Lebanon","74.00000000000000000000","6","Democracy","0","Partly Free","28"
"479","LBN","2016","Lebanon","76.11000000000000000000","6","Democracy","0","Partly Free","28"
"480","LBN","2017","Lebanon","78.18077489000000000000","6","Democracy","0","Partly Free","28"
"481","LBR","2012","Liberia","2.60000000000000000000","6","Democracy","0","Partly Free","41"
"482","LBR","2013","Liberia","3.20000000000000000000","6","Democracy","0","Partly Free","38"
"483","LBR","2014","Liberia","5.41000000000000000000","6","Democracy","0","Partly Free","37"
"484","LBR","2015","Liberia","5.90386760300000000000","6","Democracy","0","Partly Free","37"
"485","LBR","2016","Liberia","7.31910641100000000000","6","Democracy","0","Partly Free","37"
"486","LBR","2017","Liberia","7.98447972200000000000","6","Democracy","0","Partly Free","31"
"488","LBY","2013","Libya","16.50000000000000000000","0","Closed Anocracy","-1","Not Free","15"
"489","LBY","2014","Libya","17.76000000000000000000","0","Closed Anocracy","-1","Not Free","18"
"490","LBY","2015","Libya","19.01607978000000000000","0","Closed Anocracy","-1","Not Free","16"
"491","LBY","2016","Libya","20.27215956000000000000","0","Closed Anocracy","-1","Not Free","14"
"492","LBY","2017","Libya","21.75892062000000000000","0","Closed Anocracy","-1","Not Free","17"
"493","LKA","2012","Sri Lanka","18.28540000000000000000","3","Open Anocracy","-1","Not Free","40"
"494","LKA","2013","Sri Lanka","21.90000000000000000000","3","Open Anocracy","-1","Not Free","37"
"495","LKA","2014","Sri Lanka","25.80000000000000000000","3","Open Anocracy","-1","Not Free","38"
"496","LKA","2015","Sri Lanka","29.98873755000000000000","6","Democracy","-1","Not Free","37"
"497","LKA","2016","Sri Lanka","32.05100274000000000000","6","Democracy","-1","Not Free","36"
"498","LKA","2017","Sri Lanka","34.11334790000000000000","6","Democracy","-1","Not Free","38"
"499","LSO","2012","Lesotho","10.00000000000000000000","8","Democracy","0","Partly Free","45"
"500","LSO","2013","Lesotho","15.00000000000000000000","8","Democracy","0","Partly Free","49"
"501","LSO","2014","Lesotho","22.00000000000000000000","8","Democracy","0","Partly Free","49"
"502","LSO","2015","Lesotho","25.00000000000000000000","8","Democracy","0","Partly Free","44"
"503","LSO","2016","Lesotho","27.36000000000000000000","8","Democracy","0","Partly Free","39"
"504","LSO","2017","Lesotho","29.78780333000000000000","8","Democracy","0","Partly Free","42"
"505","LTU","2012","Lithuania","67.22998933000000000000","10","Democracy","1","Free","54"
"506","LTU","2013","Lithuania","68.45290000000000000000","10","Democracy","1","Free","57"
"507","LTU","2014","Lithuania","72.13000000000000000000","10","Democracy","1","Free","58"
"508","LTU","2015","Lithuania","71.37800000000000000000","10","Democracy","1","Free","59"
"509","LTU","2016","Lithuania","74.37664556000000000000","10","Democracy","1","Free","59"
"510","LTU","2017","Lithuania","77.61525651000000000000","10","Democracy","1","Free","59"
"511","LUX","2012","Luxembourg","91.94992374000000000000","10","Democracy","1","Free","80"
"512","LUX","2013","Luxembourg","93.77650000000000000000","10","Democracy","1","Free","80"
"513","LUX","2014","Luxembourg","94.67000000000000000000","10","Democracy","1","Free","82"
"514","LUX","2015","Luxembourg","96.38000000000000000000","10","Democracy","1","Free","85"
"515","LUX","2016","Luxembourg","97.82762613000000000000","10","Democracy","1","Free","81"
"516","LUX","2017","Luxembourg","97.82762613000000000000","10","Democracy","1","Free","82"
"517","LVA","2012","Latvia","73.11994377000000000000","8","Democracy","1","Free","49"
"518","LVA","2013","Latvia","75.23440000000000000000","8","Democracy","1","Free","53"
"519","LVA","2014","Latvia","75.83000000000000000000","8","Democracy","1","Free","55"
"520","LVA","2015","Latvia","79.20060000000000000000","8","Democracy","1","Free","56"
"521","LVA","2016","Latvia","79.84209778000000000000","8","Democracy","1","Free","57"
"522","LVA","2017","Latvia","81.31586170000000000000","8","Democracy","1","Free","58"
"523","MAR","2012","Morocco","55.41605319000000000000","-4","Closed Anocracy","-1","Not Free","37"
"524","MAR","2013","Morocco","56.00000000000000000000","-4","Closed Anocracy","-1","Not Free","37"
"525","MAR","2014","Morocco","56.80000000000000000000","-4","Closed Anocracy","-1","Not Free","39"
"526","MAR","2015","Morocco","57.08000000000000000000","-4","Closed Anocracy","-1","Not Free","36"
"527","MAR","2016","Morocco","58.27123642000000000000","-4","Closed Anocracy","-1","Not Free","37"
"528","MAR","2017","Morocco","61.76221201000000000000","-4","Closed Anocracy","-1","Not Free","40"
"529","MDA","2012","Moldova","43.37000000000000000000","9","Democracy","0","Partly Free","36"
"530","MDA","2013","Moldova","60.00000000000000000000","9","Democracy","0","Partly Free","35"
"531","MDA","2014","Moldova","67.00000000000000000000","9","Democracy","0","Partly Free","35"
"532","MDA","2015","Moldova","69.00000000000000000000","9","Democracy","0","Partly Free","33"
"533","MDA","2016","Moldova","70.99999911000000000000","9","Democracy","0","Partly Free","30"
"534","MDA","2017","Moldova","76.12451989000000000000","9","Democracy","0","Partly Free","31"
"535","MDG","2012","Madagascar","2.30000000000000000000","3","Open Anocracy","-1","Not Free","32"
"536","MDG","2013","Madagascar","3.00000000000000000000","3","Open Anocracy","-1","Not Free","28"
"537","MDG","2014","Madagascar","3.70000000000000000000","6","Democracy","0","Partly Free","28"
"538","MDG","2015","Madagascar","4.17397219000000000000","6","Democracy","0","Partly Free","28"
"539","MDG","2016","Madagascar","4.71366289900000000000","6","Democracy","0","Partly Free","26"
"540","MDG","2017","Madagascar","9.80000000000000000000","6","Democracy","0","Partly Free","24"
"541","MEX","2012","Mexico","39.75000000000000000000","8","Democracy","-1","Not Free","34"
"542","MEX","2013","Mexico","43.46000000000000000000","8","Democracy","-1","Not Free","34"
"543","MEX","2014","Mexico","44.39000000000000000000","8","Democracy","-1","Not Free","35"
"544","MEX","2015","Mexico","57.43104299000000000000","8","Democracy","-1","Not Free","31"
"545","MEX","2016","Mexico","59.54044600000000000000","8","Democracy","-1","Not Free","30"
"546","MEX","2017","Mexico","63.85224909000000000000","8","Democracy","-1","Not Free","29"
"547","MLI","2012","Mali","2.80000000000000000000","0","Closed Anocracy","0","Partly Free","34"
"548","MLI","2013","Mali","3.50000000000000000000","5","Open Anocracy","0","Partly Free","28"
"549","MLI","2014","Mali","7.00000000000000000000","5","Open Anocracy","0","Partly Free","32"
"550","MLI","2015","Mali","10.33000000000000000000","5","Open Anocracy","0","Partly Free","35"
"551","MLI","2016","Mali","11.11218649000000000000","5","Open Anocracy","0","Partly Free","32"
"552","MLI","2017","Mali","12.72064096000000000000","5","Open Anocracy","0","Partly Free","31"
"553","MMR","2012","Myanmar","4.00000000000000000000","-3","Closed Anocracy","-1","Not Free","15"
"554","MMR","2013","Myanmar","8.00000000000000000000","-3","Closed Anocracy","-1","Not Free","21"
"555","MMR","2014","Myanmar","11.52000000000000000000","-3","Closed Anocracy","-1","Not Free","21"
"556","MMR","2015","Myanmar","21.72583401000000000000","2","Open Anocracy","-1","Not Free","22"
"557","MMR","2016","Myanmar","25.07330424000000000000","8","Democracy","-1","Not Free","28"
"558","MMR","2017","Myanmar","30.67818311000000000000","8","Democracy","-1","Not Free","30"
"559","MNE","2012","Montenegro","56.83878255000000000000","9","Democracy","0","Partly Free","41"
"560","MNE","2013","Montenegro","60.31000000000000000000","9","Democracy","0","Partly Free","44"
"561","MNE","2014","Montenegro","61.00000000000000000000","9","Democracy","0","Partly Free","42"
"562","MNE","2015","Montenegro","68.11958104000000000000","9","Democracy","0","Partly Free","44"
"563","MNE","2016","Montenegro","69.88164684000000000000","9","Democracy","0","Partly Free","45"
"564","MNE","2017","Montenegro","71.27233254000000000000","9","Democracy","0","Partly Free","46"
"565","MNG","2012","Mongolia","16.40000000000000000000","10","Democracy","0","Partly Free","36"
"566","MNG","2013","Mongolia","17.69998424000000000000","10","Democracy","0","Partly Free","38"
"567","MNG","2014","Mongolia","19.94244743000000000000","10","Democracy","0","Partly Free","39"
"568","MNG","2015","Mongolia","22.26577050000000000000","10","Democracy","0","Partly Free","39"
"569","MNG","2016","Mongolia","22.26577050000000000000","10","Democracy","0","Partly Free","38"
"570","MNG","2017","Mongolia","23.71426517000000000000","10","Democracy","0","Partly Free","36"
"571","MOZ","2012","Mozambique","6.00000000000000000000","5","Open Anocracy","0","Partly Free","31"
"572","MOZ","2013","Mozambique","7.29393733000000000000","5","Open Anocracy","0","Partly Free","30"
"573","MOZ","2014","Mozambique","9.23631489600000000000","5","Open Anocracy","0","Partly Free","31"
"574","MOZ","2015","Mozambique","16.93353299000000000000","5","Open Anocracy","0","Partly Free","31"
"575","MOZ","2016","Mozambique","17.52123909000000000000","5","Open Anocracy","0","Partly Free","27"
"576","MOZ","2017","Mozambique","20.77400030000000000000","5","Open Anocracy","0","Partly Free","25"
"577","MRT","2012","Mauritania","5.00000000000000000000","-2","Closed Anocracy","0","Partly Free","31"
"578","MRT","2013","Mauritania","6.20000000000000000000","-2","Closed Anocracy","0","Partly Free","30"
"579","MRT","2014","Mauritania","10.70000000000000000000","-2","Closed Anocracy","0","Partly Free","30"
"580","MRT","2015","Mauritania","15.19912669000000000000","-2","Closed Anocracy","0","Partly Free","31"
"581","MRT","2016","Mauritania","18.00000000000000000000","-2","Closed Anocracy","0","Partly Free","27"
"582","MRT","2017","Mauritania","20.80096366000000000000","-2","Closed Anocracy","0","Partly Free","28"
"583","MWI","2012","Malawi","4.35060000000000000000","6","Democracy","0","Partly Free","37"
"584","MWI","2013","Malawi","5.05000000000000000000","6","Democracy","0","Partly Free","37"
"585","MWI","2014","Malawi","5.83000000000000000000","6","Democracy","0","Partly Free","33"
"586","MWI","2015","Malawi","9.29814834700000000000","6","Democracy","0","Partly Free","31"
"587","MWI","2016","Malawi","11.47000000000000000000","6","Democracy","0","Partly Free","31"
"588","MWI","2017","Malawi","13.78216439000000000000","6","Democracy","0","Partly Free","31"
"589","MYS","2012","Malaysia","65.80000000000000000000","6","Democracy","-1","Not Free","49"
"590","MYS","2013","Malaysia","57.05751226000000000000","6","Democracy","-1","Not Free","50"
"591","MYS","2014","Malaysia","63.66542588000000000000","5","Open Anocracy","-1","Not Free","52"
"592","MYS","2015","Malaysia","71.06406781000000000000","5","Open Anocracy","-1","Not Free","50"
"593","MYS","2016","Malaysia","78.78830993000000000000","5","Open Anocracy","-1","Not Free","49"
"594","MYS","2017","Malaysia","80.14047901000000000000","5","Open Anocracy","-1","Not Free","47"
"595","NAM","2012","Namibia","12.94140000000000000000","6","Democracy","0","Partly Free","48"
"596","NAM","2013","Namibia","13.90000000000000000000","6","Democracy","0","Partly Free","48"
"597","NAM","2014","Namibia","14.84000000000000000000","6","Democracy","0","Partly Free","49"
"598","NAM","2015","Namibia","25.68785182000000000000","6","Democracy","0","Partly Free","53"
"599","NAM","2016","Namibia","31.03334594000000000000","6","Democracy","0","Partly Free","52"
"600","NAM","2017","Namibia","36.83740647000000000000","6","Democracy","0","Partly Free","51"
"601","NER","2012","Niger","1.05000000000000000000","6","Democracy","0","Partly Free","33"
"602","NER","2013","Niger","1.15000000000000000000","6","Democracy","0","Partly Free","34"
"603","NER","2014","Niger","1.24867568900000000000","6","Democracy","0","Partly Free","35"
"604","NER","2015","Niger","2.47621997500000000000","6","Democracy","0","Partly Free","34"
"605","NER","2016","Niger","4.32275803000000000000","5","Open Anocracy","0","Partly Free","35"
"606","NER","2017","Niger","10.22431156000000000000","5","Open Anocracy","0","Partly Free","33"
"607","NGA","2012","Nigeria","16.10000000000000000000","4","Open Anocracy","0","Partly Free","27"
"608","NGA","2013","Nigeria","19.10000000000000000000","4","Open Anocracy","0","Partly Free","25"
"609","NGA","2014","Nigeria","21.00000000000000000000","4","Open Anocracy","0","Partly Free","27"
"610","NGA","2015","Nigeria","24.50000000000000000000","7","Democracy","0","Partly Free","26"
"611","NGA","2016","Nigeria","25.67000000000000000000","7","Democracy","0","Partly Free","28"
"612","NGA","2017","Nigeria","27.68098584000000000000","7","Democracy","0","Partly Free","27"
"613","NIC","2012","Nicaragua","13.50000000000000000000","9","Democracy","0","Partly Free","29"
"614","NIC","2013","Nicaragua","15.50000000000000000000","9","Democracy","0","Partly Free","28"
"615","NIC","2014","Nicaragua","17.60000000000000000000","9","Democracy","0","Partly Free","28"
"616","NIC","2015","Nicaragua","19.70429150000000000000","9","Democracy","0","Partly Free","27"
"617","NIC","2016","Nicaragua","24.57183396000000000000","6","Democracy","0","Partly Free","26"
"618","NIC","2017","Nicaragua","27.86304001000000000000","6","Democracy","0","Partly Free","26"
"619","NLD","2012","Netherlands","92.85999236000000000000","10","Democracy","1","Free","84"
"620","NLD","2013","Netherlands","93.95640000000000000000","10","Democracy","1","Free","83"
"621","NLD","2014","Netherlands","91.66666600000000000000","10","Democracy","1","Free","83"
"622","NLD","2015","Netherlands","91.72413793000000000000","10","Democracy","1","Free","84"
"623","NLD","2016","Netherlands","90.41095890000000000000","10","Democracy","1","Free","83"
"624","NLD","2017","Netherlands","93.19727891000000000000","10","Democracy","1","Free","82"
"625","NOR","2012","Norway","94.64997805000000000000","10","Democracy","1","Free","85"
"626","NOR","2013","Norway","95.05340000000000000000","10","Democracy","1","Free","86"
"627","NOR","2014","Norway","96.30000000000000000000","10","Democracy","1","Free","86"
"628","NOR","2015","Norway","96.81030000000000000000","10","Democracy","1","Free","88"
"629","NOR","2016","Norway","97.29820367000000000000","10","Democracy","1","Free","85"
"630","NOR","2017","Norway","96.50851854000000000000","10","Democracy","1","Free","85"
"631","NPL","2012","Nepal","11.14930000000000000000","6","Democracy","0","Partly Free","27"
"632","NPL","2013","Nepal","13.30000000000000000000","6","Democracy","0","Partly Free","31"
"633","NPL","2014","Nepal","15.44000000000000000000","6","Democracy","0","Partly Free","29"
"634","NPL","2015","Nepal","17.58161801000000000000","6","Democracy","0","Partly Free","27"
"635","NPL","2016","Nepal","19.68876384000000000000","6","Democracy","0","Partly Free","29"
"636","NPL","2017","Nepal","21.40351043000000000000","6","Democracy","0","Partly Free","31"
"637","NZL","2012","New Zealand","81.64447018000000000000","10","Democracy","1","Free","90"
"638","NZL","2013","New Zealand","82.78000000000000000000","10","Democracy","1","Free","91"
"639","NZL","2014","New Zealand","85.50000000000000000000","10","Democracy","1","Free","91"
"640","NZL","2015","New Zealand","88.22288882000000000000","10","Democracy","1","Free","91"
"641","NZL","2016","New Zealand","88.47018635000000000000","10","Democracy","1","Free","90"
"642","NZL","2017","New Zealand","90.81109307000000000000","10","Democracy","1","Free","89"
"643","OMN","2012","Oman","60.00000000000000000000","-8","Autocracy","-1","Not Free","47"
"644","OMN","2013","Oman","66.45000000000000000000","-8","Autocracy","-1","Not Free","47"
"645","OMN","2014","Oman","70.22000000000000000000","-8","Autocracy","-1","Not Free","45"
"646","OMN","2015","Oman","73.53000000000000000000","-8","Autocracy","-1","Not Free","45"
"647","OMN","2016","Oman","76.85000000000000000000","-8","Autocracy","-1","Not Free","45"
"648","OMN","2017","Oman","80.18563573000000000000","-8","Autocracy","-1","Not Free","44"
"649","PAK","2012","Pakistan","9.96000000000000000000","6","Democracy","-1","Not Free","27"
"650","PAK","2013","Pakistan","10.90000000000000000000","7","Democracy","-1","Not Free","28"
"651","PAK","2014","Pakistan","12.00000000000000000000","7","Democracy","-1","Not Free","29"
"652","PAK","2015","Pakistan","14.00000000000000000000","7","Democracy","-1","Not Free","30"
"653","PAK","2016","Pakistan","15.51455779000000000000","7","Democracy","-1","Not Free","32"
"654","PAK","2017","Pakistan","15.51000000000000000000","7","Democracy","-1","Not Free","32"
"655","PAN","2012","Panama","40.30189522000000000000","9","Democracy","0","Partly Free","38"
"656","PAN","2013","Panama","44.03000000000000000000","9","Democracy","0","Partly Free","35"
"657","PAN","2014","Panama","44.92000000000000000000","9","Democracy","0","Partly Free","37"
"658","PAN","2015","Panama","51.20542499000000000000","9","Democracy","0","Partly Free","39"
"659","PAN","2016","Panama","54.00000000000000000000","9","Democracy","0","Partly Free","38"
"660","PAN","2017","Panama","57.86509007000000000000","9","Democracy","0","Partly Free","37"
"661","PER","2012","Peru","38.20000000000000000000","9","Democracy","0","Partly Free","38"
"662","PER","2013","Peru","39.20000000000000000000","9","Democracy","0","Partly Free","38"
"663","PER","2014","Peru","40.20000000000000000000","9","Democracy","0","Partly Free","38"
"664","PER","2015","Peru","40.90000000000000000000","9","Democracy","0","Partly Free","36"
"665","PER","2016","Peru","45.46174069000000000000","9","Democracy","0","Partly Free","35"
"666","PER","2017","Peru","48.72763146000000000000","9","Democracy","0","Partly Free","37"
"667","PHL","2012","Philippines","36.23510000000000000000","8","Democracy","0","Partly Free","34"
"668","PHL","2013","Philippines","48.09902359000000000000","8","Democracy","0","Partly Free","36"
"669","PHL","2014","Philippines","49.60000000000000000000","8","Democracy","0","Partly Free","38"
"670","PHL","2015","Philippines","53.70000000000000000000","8","Democracy","0","Partly Free","35"
"671","PHL","2016","Philippines","55.50000000000000000000","8","Democracy","0","Partly Free","35"
"672","PHL","2017","Philippines","60.05476033000000000000","8","Democracy","0","Partly Free","34"
"673","PNG","2012","Papua New Guinea","3.50000000000000000000","5","Open Anocracy","1","Free","25"
"674","PNG","2013","Papua New Guinea","5.10000000000000000000","5","Open Anocracy","1","Free","25"
"675","PNG","2014","Papua New Guinea","6.50000000000000000000","5","Open Anocracy","1","Free","25"
"676","PNG","2015","Papua New Guinea","7.90000000000000000000","5","Open Anocracy","1","Free","25"
"677","PNG","2016","Papua New Guinea","9.60153846200000000000","5","Open Anocracy","1","Free","28"
"678","PNG","2017","Papua New Guinea","11.20919659000000000000","5","Open Anocracy","1","Free","29"
"679","POL","2012","Poland","62.30999727000000000000","10","Democracy","1","Free","58"
"680","POL","2013","Poland","62.84920000000000000000","10","Democracy","1","Free","60"
"681","POL","2014","Poland","66.60000000000000000000","10","Democracy","1","Free","61"
"682","POL","2015","Poland","67.99700000000000000000","10","Democracy","1","Free","63"
"683","POL","2016","Poland","73.30070000000000000000","10","Democracy","1","Free","62"
"684","POL","2017","Poland","75.98536595000000000000","10","Democracy","0","Partly Free","60"
"685","PRK","2012","North Korea","0.00000000000000000000","-10","Autocracy","-1","Not Free","8"
"691","PRT","2012","Portugal","60.33999749000000000000","10","Democracy","1","Free","63"
"692","PRT","2013","Portugal","62.09560000000000000000","10","Democracy","1","Free","62"
"693","PRT","2014","Portugal","64.59000000000000000000","10","Democracy","1","Free","63"
"694","PRT","2015","Portugal","68.63290000000000000000","10","Democracy","1","Free","64"
"695","PRT","2016","Portugal","70.42356709000000000000","10","Democracy","1","Free","62"
"696","PRT","2017","Portugal","73.79121395000000000000","10","Democracy","1","Free","63"
"697","PRY","2012","Paraguay","29.34000000000000000000","8","Democracy","-1","Not Free","25"
"698","PRY","2013","Paraguay","36.90000000000000000000","9","Democracy","0","Partly Free","24"
"699","PRY","2014","Paraguay","43.00000000000000000000","9","Democracy","0","Partly Free","24"
"700","PRY","2015","Paraguay","49.72000000000000000000","9","Democracy","0","Partly Free","27"
"701","PRY","2016","Paraguay","53.40000000000000000000","9","Democracy","0","Partly Free","30"
"702","PRY","2017","Paraguay","61.07575622000000000000","9","Democracy","0","Partly Free","29"
"703","QAT","2012","Qatar","69.30000000000000000000","-10","Autocracy","-1","Not Free","68"
"704","QAT","2013","Qatar","85.30000000000000000000","-10","Autocracy","-1","Not Free","68"
"705","QAT","2014","Qatar","91.49000000000000000000","-10","Autocracy","-1","Not Free","69"
"706","QAT","2015","Qatar","92.88482645000000000000","-10","Autocracy","-1","Not Free","71"
"707","QAT","2016","Qatar","94.29111815000000000000","-10","Autocracy","-1","Not Free","61"
"708","QAT","2017","Qatar","95.94000000000000000000","-10","Autocracy","-1","Not Free","63"
"709","ROU","2012","Romania","45.87999425000000000000","9","Democracy","0","Partly Free","44"
"710","ROU","2013","Romania","49.76450000000000000000","9","Democracy","0","Partly Free","43"
"711","ROU","2014","Romania","54.08000000000000000000","9","Democracy","0","Partly Free","43"
"712","ROU","2015","Romania","55.76320000000000000000","9","Democracy","0","Partly Free","46"
"713","ROU","2016","Romania","59.50395129000000000000","9","Democracy","0","Partly Free","48"
"714","ROU","2017","Romania","63.74728218000000000000","9","Democracy","0","Partly Free","48"
"715","RUS","2012","Russia","63.80000000000000000000","4","Open Anocracy","-1","Not Free","28"
"716","RUS","2013","Russia","67.97000000000000000000","4","Open Anocracy","-1","Not Free","28"
"717","RUS","2014","Russia","70.52000000000000000000","4","Open Anocracy","-1","Not Free","27"
"718","RUS","2015","Russia","70.10000000000000000000","4","Open Anocracy","-1","Not Free","29"
"719","RUS","2016","Russia","73.09143462000000000000","4","Open Anocracy","-1","Not Free","29"
"720","RUS","2017","Russia","76.00813853000000000000","4","Open Anocracy","-1","Not Free","29"
"721","RWA","2012","Rwanda","8.02385427700000000000","-4","Closed Anocracy","-1","Not Free","53"
"722","RWA","2013","Rwanda","9.00000000000000000000","-3","Closed Anocracy","-1","Not Free","53"
"723","RWA","2014","Rwanda","10.60000000000000000000","-3","Closed Anocracy","-1","Not Free","49"
"724","RWA","2015","Rwanda","18.00000000000000000000","-3","Closed Anocracy","-1","Not Free","54"
"725","RWA","2016","Rwanda","20.00000000000000000000","-3","Closed Anocracy","-1","Not Free","54"
"726","RWA","2017","Rwanda","21.76763262000000000000","-3","Closed Anocracy","-1","Not Free","55"
"727","SAU","2012","Saudi Arabia","54.00000000000000000000","-10","Autocracy","-1","Not Free","44"
"728","SAU","2013","Saudi Arabia","60.50000000000000000000","-10","Autocracy","-1","Not Free","46"
"729","SAU","2014","Saudi Arabia","64.71365737000000000000","-10","Autocracy","-1","Not Free","49"
"730","SAU","2015","Saudi Arabia","69.61623580000000000000","-10","Autocracy","-1","Not Free","52"
"731","SAU","2016","Saudi Arabia","74.88000000000000000000","-10","Autocracy","-1","Not Free","46"
"732","SAU","2017","Saudi Arabia","82.12000000000000000000","-10","Autocracy","-1","Not Free","49"
"733","SDN","2012","Sudan","21.00000000000000000000","-4","Closed Anocracy","-1","Not Free","13"
"734","SDN","2013","Sudan","22.70000000000000000000","-4","Closed Anocracy","-1","Not Free","11"
"735","SDN","2014","Sudan","24.64000000000000000000","-4","Closed Anocracy","-1","Not Free","11"
"736","SDN","2015","Sudan","26.61000000000000000000","-4","Closed Anocracy","-1","Not Free","12"
"737","SDN","2016","Sudan","28.00000000000000000000","-4","Closed Anocracy","-1","Not Free","14"
"738","SDN","2017","Sudan","30.87029573000000000000","-4","Closed Anocracy","-1","Not Free","16"
"739","SEN","2012","Senegal","10.80000000000000000000","7","Democracy","0","Partly Free","36"
"740","SEN","2013","Senegal","13.10000000000000000000","7","Democracy","0","Partly Free","41"
"741","SEN","2014","Senegal","17.70000000000000000000","7","Democracy","0","Partly Free","43"
"742","SEN","2015","Senegal","21.69026413000000000000","7","Democracy","0","Partly Free","44"
"743","SEN","2016","Senegal","25.66476804000000000000","7","Democracy","0","Partly Free","45"
"744","SEN","2017","Senegal","29.64312367000000000000","7","Democracy","0","Partly Free","45"
"749","SLB","2016","Solomon Islands","11.00090227000000000000","8","Democracy","1","Free","42"
"750","SLB","2017","Solomon Islands","11.92422906000000000000","8","Democracy","1","Free","39"
"751","SLE","2012","Sierra Leone","2.50000000000000000000","7","Democracy","0","Partly Free","31"
"752","SLE","2013","Sierra Leone","4.00000000000000000000","7","Democracy","0","Partly Free","30"
"753","SLE","2014","Sierra Leone","6.05729898400000000000","7","Democracy","0","Partly Free","31"
"754","SLE","2015","Sierra Leone","6.34442160300000000000","7","Democracy","0","Partly Free","29"
"755","SLE","2016","Sierra Leone","11.77318438000000000000","7","Democracy","0","Partly Free","30"
"756","SLE","2017","Sierra Leone","13.23693043000000000000","7","Democracy","0","Partly Free","30"
"757","SLV","2012","El Salvador","20.32138772000000000000","8","Democracy","0","Partly Free","38"
"758","SLV","2013","El Salvador","23.10930000000000000000","8","Democracy","0","Partly Free","38"
"759","SLV","2014","El Salvador","24.76171215000000000000","8","Democracy","0","Partly Free","39"
"760","SLV","2015","El Salvador","26.80260496000000000000","8","Democracy","0","Partly Free","39"
"761","SLV","2016","El Salvador","28.99707305000000000000","8","Democracy","0","Partly Free","36"
"762","SLV","2017","El Salvador","31.25135241000000000000","8","Democracy","0","Partly Free","33"
"763","SOM","2012","Somalia","1.37670000000000000000","5","Open Anocracy","-1","Not Free","8"
"764","SOM","2013","Somalia","1.50000000000000000000","5","Open Anocracy","-1","Not Free","8"
"765","SOM","2014","Somalia","1.63000000000000000000","5","Open Anocracy","-1","Not Free","8"
"766","SOM","2015","Somalia","1.76000000000000000000","5","Open Anocracy","-1","Not Free","8"
"767","SOM","2016","Somalia","1.88000000000000000000","5","Open Anocracy","-1","Not Free","10"
"768","SOM","2017","Somalia","2.00404869800000000000","5","Open Anocracy","-1","Not Free","9"
"769","SRB","2012","Serbia","48.10000000000000000000","8","Democracy","0","Partly Free","39"
"770","SRB","2013","Serbia","53.45036418000000000000","8","Democracy","0","Partly Free","42"
"771","SRB","2014","Serbia","62.07508046000000000000","8","Democracy","0","Partly Free","41"
"772","SRB","2015","Serbia","65.31702540000000000000","8","Democracy","0","Partly Free","40"
"773","SRB","2016","Serbia","67.05684137000000000000","8","Democracy","0","Partly Free","42"
"774","SRB","2017","Serbia","70.33083553000000000000","8","Democracy","0","Partly Free","41"
"776","SSD","2013","South Sudan","3.82996924500000000000","0","Closed Anocracy","-1","Not Free","14"
"777","SSD","2014","South Sudan","4.51615373000000000000","0","Closed Anocracy","-1","Not Free","15"
"778","SSD","2015","South Sudan","5.50000000000000000000","0","Closed Anocracy","-1","Not Free","15"
"779","SSD","2016","South Sudan","6.67972805100000000000","0","Closed Anocracy","-1","Not Free","11"
"780","SSD","2017","South Sudan","7.97742890700000000000","0","Closed Anocracy","-1","Not Free","12"
"781","SUR","2012","Suriname","34.68120000000000000000","5","Open Anocracy","1","Free","37"
"782","SUR","2013","Suriname","37.40000000000000000000","5","Open Anocracy","1","Free","36"
"783","SUR","2014","Suriname","40.08000000000000000000","5","Open Anocracy","1","Free","36"
"784","SUR","2015","Suriname","42.76382778000000000000","5","Open Anocracy","1","Free","36"
"785","SUR","2016","Suriname","45.40000000000000000000","5","Open Anocracy","1","Free","45"
"786","SUR","2017","Suriname","48.94517397000000000000","5","Open Anocracy","1","Free","41"
"787","SVK","2012","Slovakia","76.70999012000000000000","10","Democracy","1","Free","46"
"788","SVK","2013","Slovakia","77.88260000000000000000","10","Democracy","1","Free","47"
"789","SVK","2014","Slovakia","79.98000000000000000000","10","Democracy","1","Free","50"
"790","SVK","2015","Slovakia","77.63470000000000000000","10","Democracy","1","Free","51"
"791","SVK","2016","Slovakia","80.47590000000000000000","10","Democracy","1","Free","51"
"792","SVK","2017","Slovakia","81.62566752000000000000","10","Democracy","1","Free","50"
"793","SWE","2012","Sweden","93.17998801000000000000","10","Democracy","1","Free","88"
"794","SWE","2013","Sweden","94.78360000000000000000","10","Democracy","1","Free","89"
"795","SWE","2014","Sweden","92.52000000000000000000","10","Democracy","1","Free","87"
"796","SWE","2015","Sweden","90.61020000000000000000","10","Democracy","1","Free","89"
"797","SWE","2016","Sweden","89.65094761000000000000","10","Democracy","1","Free","88"
"798","SWE","2017","Sweden","96.40964528000000000000","10","Democracy","1","Free","84"
"799","SWZ","2012","Eswatini","20.78178258000000000000","-9","Autocracy","-1","Not Free","37"
"800","SWZ","2013","Eswatini","24.70000000000000000000","-9","Autocracy","-1","Not Free","39"
"801","SWZ","2014","Eswatini","26.17500573000000000000","-9","Autocracy","-1","Not Free","43"
"804","SWZ","2017","Eswatini","30.30000000000000000000","-9","Autocracy","-1","Not Free","39"
"805","SYR","2012","Syria","24.30010000000000000000","-9","Autocracy","-1","Not Free","26"
"806","SYR","2013","Syria","26.20000000000000000000","-9","Autocracy","-1","Not Free","17"
"807","SYR","2014","Syria","28.09000000000000000000","-9","Autocracy","-1","Not Free","20"
"808","SYR","2015","Syria","29.97979724000000000000","-9","Autocracy","-1","Not Free","18"
"809","SYR","2016","Syria","31.86962727000000000000","-9","Autocracy","-1","Not Free","13"
"810","SYR","2017","Syria","34.25340193000000000000","-9","Autocracy","-1","Not Free","14"
"811","TCD","2012","Chad","2.10000000000000000000","-2","Closed Anocracy","-1","Not Free","19"
"812","TCD","2013","Chad","2.50000000000000000000","-2","Closed Anocracy","-1","Not Free","19"
"813","TCD","2014","Chad","2.90000000000000000000","-2","Closed Anocracy","-1","Not Free","22"
"814","TCD","2015","Chad","3.50000000000000000000","-2","Closed Anocracy","-1","Not Free","22"
"815","TCD","2016","Chad","5.00000000000000000000","-2","Closed Anocracy","-1","Not Free","20"
"816","TCD","2017","Chad","6.49999812000000000000","-2","Closed Anocracy","-1","Not Free","20"
"817","TGO","2012","Togo","4.00000000000000000000","-2","Closed Anocracy","-1","Not Free","30"
"818","TGO","2013","Togo","4.50000000000000000000","-2","Closed Anocracy","-1","Not Free","29"
"819","TGO","2014","Togo","5.70000000000000000000","-2","Closed Anocracy","-1","Not Free","29"
"820","TGO","2015","Togo","7.12000000000000000000","-2","Closed Anocracy","-1","Not Free","32"
"821","TGO","2016","Togo","11.31000000000000000000","-2","Closed Anocracy","0","Partly Free","32"
"822","TGO","2017","Togo","12.36022497000000000000","-2","Closed Anocracy","0","Partly Free","32"
"823","THA","2012","Thailand","26.46000000000000000000","7","Democracy","-1","Not Free","37"
"824","THA","2013","Thailand","28.94000000000000000000","7","Democracy","-1","Not Free","35"
"825","THA","2014","Thailand","34.89000000000000000000","-3","Closed Anocracy","-1","Not Free","38"
"826","THA","2015","Thailand","39.31612674000000000000","-3","Closed Anocracy","-1","Not Free","38"
"827","THA","2016","Thailand","47.50496562000000000000","-3","Closed Anocracy","-1","Not Free","35"
"828","THA","2017","Thailand","52.89192934000000000000","-3","Closed Anocracy","-1","Not Free","37"
"829","TJK","2012","Tajikistan","14.51000000000000000000","-3","Closed Anocracy","-1","Not Free","22"
"830","TJK","2013","Tajikistan","16.00000000000000000000","-3","Closed Anocracy","-1","Not Free","22"
"831","TJK","2014","Tajikistan","17.49000000000000000000","-3","Closed Anocracy","-1","Not Free","23"
"832","TJK","2015","Tajikistan","18.98000000000000000000","-3","Closed Anocracy","-1","Not Free","26"
"833","TJK","2016","Tajikistan","20.47000000000000000000","-3","Closed Anocracy","-1","Not Free","25"
"834","TJK","2017","Tajikistan","21.96000000000000000000","-3","Closed Anocracy","-1","Not Free","21"
"835","TKM","2012","Turkmenistan","7.19580000000000000000","-9","Autocracy","-1","Not Free","17"
"836","TKM","2013","Turkmenistan","9.60000000000000000000","-8","Autocracy","-1","Not Free","17"
"837","TKM","2014","Turkmenistan","12.20000000000000000000","-8","Autocracy","-1","Not Free","17"
"838","TKM","2015","Turkmenistan","14.99677482000000000000","-8","Autocracy","-1","Not Free","18"
"839","TKM","2016","Turkmenistan","17.99032446000000000000","-8","Autocracy","-1","Not Free","22"
"840","TKM","2017","Turkmenistan","21.25099741000000000000","-8","Autocracy","-1","Not Free","19"
"841","TLS","2012","Timor-Leste","7.00000000000000000000","8","Democracy","0","Partly Free","33"
"842","TLS","2013","Timor-Leste","11.00000000000000000000","8","Democracy","0","Partly Free","30"
"843","TLS","2014","Timor-Leste","17.50000000000000000000","8","Democracy","0","Partly Free","28"
"844","TLS","2015","Timor-Leste","23.00000000000000000000","8","Democracy","0","Partly Free","28"
"845","TLS","2016","Timor-Leste","25.24624959000000000000","8","Democracy","0","Partly Free","35"
"846","TLS","2017","Timor-Leste","27.49273173000000000000","8","Democracy","0","Partly Free","38"
"847","TTO","2012","Trinidad and Tobago","59.51620000000000000000","10","Democracy","1","Free","39"
"848","TTO","2013","Trinidad and Tobago","63.80000000000000000000","10","Democracy","1","Free","38"
"849","TTO","2014","Trinidad and Tobago","65.10000000000000000000","10","Democracy","1","Free","38"
"850","TTO","2015","Trinidad and Tobago","69.19847061000000000000","10","Democracy","1","Free","39"
"851","TTO","2016","Trinidad and Tobago","73.29694122000000000000","10","Democracy","1","Free","35"
"852","TTO","2017","Trinidad and Tobago","77.32605293000000000000","10","Democracy","1","Free","41"
"853","TUN","2012","Tunisia","41.44160000000000000000","5","Open Anocracy","0","Partly Free","41"
"854","TUN","2013","Tunisia","43.80000000000000000000","6","Democracy","0","Partly Free","41"
"855","TUN","2014","Tunisia","46.16000000000000000000","7","Democracy","0","Partly Free","40"
"856","TUN","2015","Tunisia","46.50000000000000000000","7","Democracy","0","Partly Free","38"
"857","TUN","2016","Tunisia","49.60000000000000000000","7","Democracy","0","Partly Free","41"
"858","TUN","2017","Tunisia","55.50000000000000000000","7","Democracy","0","Partly Free","42"
"859","TUR","2012","Turkey","45.13000000000000000000","9","Democracy","0","Partly Free","49"
"860","TUR","2013","Turkey","46.25000000000000000000","9","Democracy","-1","Not Free","50"
"861","TUR","2014","Turkey","51.04000000000000000000","3","Open Anocracy","-1","Not Free","45"
"862","TUR","2015","Turkey","53.74497914000000000000","3","Open Anocracy","-1","Not Free","42"
"863","TUR","2016","Turkey","58.34773401000000000000","-4","Closed Anocracy","-1","Not Free","41"
"864","TUR","2017","Turkey","64.68461768000000000000","-4","Closed Anocracy","-1","Not Free","40"
"865","TZA","2012","Tanzania","3.95000000000000000000","-1","Closed Anocracy","0","Partly Free","35"
"866","TZA","2013","Tanzania","4.40000000000000000000","-1","Closed Anocracy","0","Partly Free","33"
"867","TZA","2014","Tanzania","7.00000000000000000000","-1","Closed Anocracy","0","Partly Free","31"
"868","TZA","2015","Tanzania","10.00000000000000000000","3","Open Anocracy","0","Partly Free","30"
"869","TZA","2016","Tanzania","13.00000000000000000000","3","Open Anocracy","0","Partly Free","32"
"870","TZA","2017","Tanzania","15.99999943000000000000","3","Open Anocracy","0","Partly Free","36"
"871","UGA","2012","Uganda","14.10000000000000000000","-1","Closed Anocracy","0","Partly Free","29"
"872","UGA","2013","Uganda","15.50000000000000000000","-1","Closed Anocracy","0","Partly Free","26"
"873","UGA","2014","Uganda","16.90000000000000000000","-1","Closed Anocracy","0","Partly Free","26"
"874","UGA","2015","Uganda","17.83485947000000000000","-1","Closed Anocracy","0","Partly Free","25"
"875","UGA","2016","Uganda","21.87617046000000000000","-1","Closed Anocracy","0","Partly Free","25"
"876","UGA","2017","Uganda","23.70653091000000000000","-1","Closed Anocracy","0","Partly Free","26"
"877","UKR","2012","Ukraine","35.27000000000000000000","6","Democracy","0","Partly Free","26"
"878","UKR","2013","Ukraine","40.95412900000000000000","6","Democracy","-1","Not Free","25"
"879","UKR","2014","Ukraine","46.23597546000000000000","4","Open Anocracy","0","Partly Free","26"
"880","UKR","2015","Ukraine","48.88464368000000000000","4","Open Anocracy","0","Partly Free","27"
"881","UKR","2016","Ukraine","53.00000000000000000000","4","Open Anocracy","0","Partly Free","29"
"882","UKR","2017","Ukraine","57.11513856000000000000","4","Open Anocracy","0","Partly Free","30"
"883","URY","2012","Uruguay","54.45376868000000000000","10","Democracy","1","Free","72"
"884","URY","2013","Uruguay","57.69000000000000000000","10","Democracy","1","Free","73"
"885","URY","2014","Uruguay","61.46000000000000000000","10","Democracy","1","Free","73"
"886","URY","2015","Uruguay","64.60000000000000000000","10","Democracy","1","Free","74"
"887","URY","2016","Uruguay","66.40000000000000000000","10","Democracy","1","Free","71"
"888","URY","2017","Uruguay","68.27966256000000000000","10","Democracy","1","Free","70"
"889","USA","2012","United States of America","74.70000000000000000000","10","Democracy","1","Free","73"
"890","USA","2013","United States of America","71.40000000000000000000","10","Democracy","1","Free","73"
"891","USA","2014","United States of America","73.00000000000000000000","10","Democracy","1","Free","74"
"892","USA","2015","United States of America","74.55420245000000000000","10","Democracy","1","Free","76"
"893","USA","2016","United States of America","75.23264272000000000000","8","Democracy","1","Free","74"
"894","USA","2017","United States of America","75.23264272000000000000","8","Democracy","1","Free","75"
"895","UZB","2012","Uzbekistan","23.60000000000000000000","-9","Autocracy","-1","Not Free","17"
"896","UZB","2013","Uzbekistan","26.80000000000000000000","-9","Autocracy","-1","Not Free","17"
"897","UZB","2014","Uzbekistan","35.50000000000000000000","-9","Autocracy","-1","Not Free","18"
"898","UZB","2015","Uzbekistan","42.80000000000000000000","-9","Autocracy","-1","Not Free","19"
"899","UZB","2016","Uzbekistan","46.79128694000000000000","-9","Autocracy","-1","Not Free","21"
"900","UZB","2017","Uzbekistan","52.30510079000000000000","-9","Autocracy","-1","Not Free","22"
"901","VEN","2012","Venezuela","49.05008307000000000000","-3","Closed Anocracy","-1","Not Free","19"
"902","VEN","2013","Venezuela","54.90000000000000000000","4","Open Anocracy","-1","Not Free","20"
"903","VEN","2014","Venezuela","57.00000000000000000000","4","Open Anocracy","-1","Not Free","19"
"904","VEN","2015","Venezuela","60.00000000000000000000","4","Open Anocracy","-1","Not Free","17"
"905","VEN","2016","Venezuela","60.00000000000000000000","4","Open Anocracy","-1","Not Free","17"
"906","VEN","2017","Venezuela","64.31336383000000000000","-3","Closed Anocracy","-1","Not Free","18"
"907","VNM","2012","Viet Nam","36.80000000000000000000","-7","Autocracy","-1","Not Free","31"
"908","VNM","2013","Viet Nam","38.50000000000000000000","-7","Autocracy","-1","Not Free","31"
"909","VNM","2014","Viet Nam","41.00000000000000000000","-7","Autocracy","-1","Not Free","31"
"910","VNM","2015","Viet Nam","43.50000000000000000000","-7","Autocracy","-1","Not Free","31"
"911","VNM","2016","Viet Nam","46.50000000000000000000","-7","Autocracy","-1","Not Free","33"
"912","VNM","2017","Viet Nam","49.56909734000000000000","-7","Autocracy","-1","Not Free","35"
"919","YEM","2012","Yemen","17.44650000000000000000","3","Open Anocracy","-1","Not Free","23"
"920","YEM","2013","Yemen","20.00000000000000000000","3","Open Anocracy","-1","Not Free","18"
"921","YEM","2014","Yemen","22.55000000000000000000","0","Closed Anocracy","-1","Not Free","19"
"922","YEM","2015","Yemen","24.08540947000000000000","0","Closed Anocracy","-1","Not Free","18"
"923","YEM","2016","Yemen","24.57920836000000000000","0","Closed Anocracy","-1","Not Free","14"
"924","YEM","2017","Yemen","26.71835477000000000000","0","Closed Anocracy","-1","Not Free","16"
"925","ZAF","2012","South Africa","41.00000000000000000000","9","Democracy","0","Partly Free","43"
"926","ZAF","2013","South Africa","46.50000000000000000000","9","Democracy","0","Partly Free","42"
"927","ZAF","2014","South Africa","49.00000000000000000000","9","Democracy","0","Partly Free","44"
"928","ZAF","2015","South Africa","51.91911572000000000000","9","Democracy","0","Partly Free","44"
"929","ZAF","2016","South Africa","54.00000000000000000000","9","Democracy","0","Partly Free","45"
"930","ZAF","2017","South Africa","56.16739447000000000000","9","Democracy","0","Partly Free","43"
"931","ZMB","2012","Zambia","13.46820000000000000000","7","Democracy","0","Partly Free","37"
"932","ZMB","2013","Zambia","15.40000000000000000000","7","Democracy","-1","Not Free","38"
"933","ZMB","2014","Zambia","19.00000000000000000000","7","Democracy","-1","Not Free","38"
"934","ZMB","2015","Zambia","21.00000000000000000000","7","Democracy","-1","Not Free","38"
"935","ZMB","2016","Zambia","25.50657885000000000000","6","Democracy","-1","Not Free","38"
"936","ZMB","2017","Zambia","27.85257910000000000000","6","Democracy","-1","Not Free","37"
"937","ZWE","2012","Zimbabwe","12.00000000000000000000","1","Open Anocracy","-1","Not Free","20"
"938","ZWE","2013","Zimbabwe","15.50000000000000000000","4","Open Anocracy","-1","Not Free","21"
"939","ZWE","2014","Zimbabwe","16.36473996000000000000","4","Open Anocracy","-1","Not Free","21"
"940","ZWE","2015","Zimbabwe","22.74281810000000000000","4","Open Anocracy","-1","Not Free","21"
"941","ZWE","2016","Zimbabwe","23.11998904000000000000","4","Open Anocracy","-1","Not Free","22"
"942","ZWE","2017","Zimbabwe","27.05548769000000000000","4","Open Anocracy","-1","Not Free","22"
